{"cameraMode":{"drawMode":0,"name":"Shaded","section":"Shading Mode"},"sceneLighting":false,"audioPlay":false,"sceneViewState":{"m_AlwaysRefresh":false,"showFog":true,"showSkybox":false,"showFlares":true,"showImageEffects":true,"showParticleSystems":true,"showVisualEffectGraphs":true,"m_FxEnabled":true},"in2DMode":false,"pivot":{"x":0.8879525661468506,"y":1.3281999826431275,"z":1.899999976158142},"rotation":{"x":0.43125778436660769,"y":-0.08235950022935868,"z":0.03956583887338638,"w":0.8975809812545776},"size":1.1422154903411866,"orthographic":false}